{"cameraMode":{"drawMode":0,"name":"Shaded","section":"Shading Mode"},"sceneLighting":true,"audioPlay":false,"sceneViewState":{"m_AlwaysRefresh":false,"showFog":true,"showSkybox":true,"showFlares":true,"showImageEffects":true,"showParticleSystems":true,"showVisualEffectGraphs":true,"m_FxEnabled":true},"in2DMode":false,"pivot":{"x":3.9046692848205568,"y":18.41290283203125,"z":-15.77513313293457},"rotation":{"x":-0.47348347306251528,"y":0.040929488837718967,"z":-0.022031087428331376,"w":-0.8796065449714661},"size":1.1520739793777466,"orthographic":false}